{"amygdala": 1.0720394737626446, "striatum": 0.47023327983672125, "hippocampus": 0.15115752901876453}