{"amygdala": 0.30080914336339015, "striatum": 0.15891725784182034, "hippocampus": 0.27416650790901914}