{"amygdala": 2.44738123279547, "striatum": 0.18286677759188807, "hippocampus": 0.5576251720071644}