{"amygdala": 0.7380891444205239, "striatum": 0.16724035303968668, "hippocampus": 0.1}