{"amygdala": 0.7922287018176134, "striatum": 0.12388826075200922, "hippocampus": 0.2134613491669749}