{"amygdala": 1.0495136059989865, "striatum": 0.970365297767597, "hippocampus": 0.9755849796439566}