{"amygdala": 1.1625872313934353, "striatum": 0.8418025140036838, "hippocampus": 1.0514906737302265}