{"amygdala": 0.9867532086770939, "striatum": 1.4289208975855836, "hippocampus": 0.9426107404252989}