{"amygdala": 0.5058020038100356, "striatum": 0.10588254135269594, "hippocampus": 0.1}