{"amygdala": 0.930076038533457, "striatum": 0.6655774563473812, "hippocampus": 1.439183361590304}