{"amygdala": 1.1629543287273134, "striatum": 0.9867591921637601, "hippocampus": 0.36566062866894644}