{"amygdala": 2.024884720564075, "striatum": 0.7841554260621578, "hippocampus": 0.4621282080627963}