{"amygdala": 0.6332639226080973, "striatum": 0.7867842389614655, "hippocampus": 1.2495049374099132}