{"amygdala": 0.637541139917383, "striatum": 0.1, "hippocampus": 0.21423349259956045}