{"amygdala": 0.14044289128183637, "striatum": 1.2090355434701012, "hippocampus": 0.30015219698384293}