{"amygdala": 0.00024274944503154723, "striatum": 0.00024274944503154723, "hippocampus": 0.00024274944503154723}