{"amygdala": 0.14047156931133567, "striatum": 0.45493559418073204, "hippocampus": 0.9781673114102809}