{"amygdala": 3.0252636841609326, "striatum": 0.3905225757065292, "hippocampus": 0.4957109214685627}