{"amygdala": 0.10053884369365891, "striatum": 0.9070301449139593, "hippocampus": 0.14458088735883215}