{"amygdala": 1.473972460512555, "striatum": 1.2300117355215328, "hippocampus": 0.5219182270749817}