{"amygdala": 0.5256106540879613, "striatum": 1.281028545825097, "hippocampus": 0.6663955570809971}