{"amygdala": 0.11121088640353928, "striatum": 1.6571763617435282, "hippocampus": 0.12471701234384074}