{"amygdala": 1.2148470226793069, "striatum": 0.9101297058658284, "hippocampus": 1.2469671691904034}