{"amygdala": 1.9778448370258612, "striatum": 0.3046798841275451, "hippocampus": 0.40653412339673295}