{"amygdala": 2.033089891610904, "striatum": 1.3831778834046333, "hippocampus": 1.4722553838573689}