{"amygdala": 0.22730363100887363, "striatum": 1.8170318735875572, "hippocampus": 0.1257077179384477}